-- ============================================================
-- 05_seed_data.sql
-- Sample data for development / testing.
-- DO NOT run in production.
-- ============================================================

-- ── Players ──────────────────────────────────────────────────
INSERT INTO players (id, name, avatar) VALUES
    ('11111111-0000-0000-0000-000000000001', 'Arjun',  'https://api.dicebear.com/7.x/thumbs/svg?seed=Arjun'),
    ('11111111-0000-0000-0000-000000000002', 'Priya',  'https://api.dicebear.com/7.x/thumbs/svg?seed=Priya'),
    ('11111111-0000-0000-0000-000000000003', 'Ravi',   'https://api.dicebear.com/7.x/thumbs/svg?seed=Ravi'),
    ('11111111-0000-0000-0000-000000000004', 'Sunita', 'https://api.dicebear.com/7.x/thumbs/svg?seed=Sunita')
ON CONFLICT (id) DO NOTHING;

-- ── Match ────────────────────────────────────────────────────
INSERT INTO matches (id, status) VALUES
    ('22222222-0000-0000-0000-000000000001', 'active')
ON CONFLICT (id) DO NOTHING;

-- ── Match players ────────────────────────────────────────────
INSERT INTO match_players (match_id, user_id, seat_order) VALUES
    ('22222222-0000-0000-0000-000000000001', '11111111-0000-0000-0000-000000000001', 1),
    ('22222222-0000-0000-0000-000000000001', '11111111-0000-0000-0000-000000000002', 2),
    ('22222222-0000-0000-0000-000000000001', '11111111-0000-0000-0000-000000000003', 3),
    ('22222222-0000-0000-0000-000000000001', '11111111-0000-0000-0000-000000000004', 4)
ON CONFLICT DO NOTHING;

-- ── Round 1 ──────────────────────────────────────────────────
INSERT INTO rounds (id, match_id, round_number) VALUES
    ('33333333-0000-0000-0000-000000000001', '22222222-0000-0000-0000-000000000001', 1)
ON CONFLICT (id) DO NOTHING;

INSERT INTO round_scores (round_id, user_id, bid, actual_wins, score) VALUES
    ('33333333-0000-0000-0000-000000000001', '11111111-0000-0000-0000-000000000001', 3, 4,  3.1),
    ('33333333-0000-0000-0000-000000000001', '11111111-0000-0000-0000-000000000002', 2, 1, -2.0),
    ('33333333-0000-0000-0000-000000000001', '11111111-0000-0000-0000-000000000003', 4, 4,  4.0),
    ('33333333-0000-0000-0000-000000000001', '11111111-0000-0000-0000-000000000004', 4, 4,  4.0)
ON CONFLICT DO NOTHING;

-- ── Round 2 ──────────────────────────────────────────────────
INSERT INTO rounds (id, match_id, round_number) VALUES
    ('33333333-0000-0000-0000-000000000002', '22222222-0000-0000-0000-000000000001', 2)
ON CONFLICT (id) DO NOTHING;

INSERT INTO round_scores (round_id, user_id, bid, actual_wins, score) VALUES
    ('33333333-0000-0000-0000-000000000002', '11111111-0000-0000-0000-000000000001', 3, 3,  3.0),
    ('33333333-0000-0000-0000-000000000002', '11111111-0000-0000-0000-000000000002', 3, 5,  3.2),
    ('33333333-0000-0000-0000-000000000002', '11111111-0000-0000-0000-000000000003', 2, 2,  2.0),
    ('33333333-0000-0000-0000-000000000002', '11111111-0000-0000-0000-000000000004', 5, 3, -5.0)
ON CONFLICT DO NOTHING;
